{
    "rep_0": {
        "rep_0": {
            "outer_fold_0": {
                "imp_0": {
                    "r2": 0.34150760048693685,
                    "neg_mean_squared_error": -0.25667740024211577,
                    "spearman": 0.6048184177935716
                },
                "imp_1": {
                    "r2": 0.35579558061624794,
                    "neg_mean_squared_error": -0.25110800931670113,
                    "spearman": 0.6138325829974173
                },
                "imp_2": {
                    "r2": 0.3556126856352323,
                    "neg_mean_squared_error": -0.25117930096453056,
                    "spearman": 0.6184899784703625
                }
            },
            "outer_fold_1": {
                "imp_0": {
                    "r2": 0.33514775436829636,
                    "neg_mean_squared_error": -0.24535031938842167,
                    "spearman": 0.5954550658483904
                },
                "imp_1": {
                    "r2": 0.3411445788458767,
                    "neg_mean_squared_error": -0.24313731219688742,
                    "spearman": 0.6040848492891592
                },
                "imp_2": {
                    "r2": 0.34408619504644467,
                    "neg_mean_squared_error": -0.2420517680341513,
                    "spearman": 0.5981335704664485
                }
            },
            "outer_fold_2": {
                "imp_0": {
                    "r2": 0.3136058408172735,
                    "neg_mean_squared_error": -0.24895819067482408,
                    "spearman": 0.5722558387542614
                },
                "imp_1": {
                    "r2": 0.3007852617827116,
                    "neg_mean_squared_error": -0.2536082712694033,
                    "spearman": 0.5706346166423663
                },
                "imp_2": {
                    "r2": 0.30832420980499053,
                    "neg_mean_squared_error": -0.25087386155144636,
                    "spearman": 0.5731485988887424
                }
            }
        }
    },
    "rep_1": {
        "rep_1": {
            "outer_fold_0": {
                "imp_0": {
                    "r2": 0.32788960420800317,
                    "neg_mean_squared_error": -0.24493984033077026,
                    "spearman": 0.5906890825032473
                },
                "imp_1": {
                    "r2": 0.34151443368963164,
                    "neg_mean_squared_error": -0.23997449002722152,
                    "spearman": 0.5954967936776853
                },
                "imp_2": {
                    "r2": 0.32477857892326867,
                    "neg_mean_squared_error": -0.24607360353586089,
                    "spearman": 0.5877353070853983
                }
            },
            "outer_fold_1": {
                "imp_0": {
                    "r2": 0.35122122044285775,
                    "neg_mean_squared_error": -0.23662940443967034,
                    "spearman": 0.6086470108015704
                },
                "imp_1": {
                    "r2": 0.3461895778924752,
                    "neg_mean_squared_error": -0.23846459791018285,
                    "spearman": 0.6082562427689284
                },
                "imp_2": {
                    "r2": 0.3793120646925314,
                    "neg_mean_squared_error": -0.22638381695367835,
                    "spearman": 0.6295752240284198
                }
            },
            "outer_fold_2": {
                "imp_0": {
                    "r2": 0.31550747197567897,
                    "neg_mean_squared_error": -0.2686436076938148,
                    "spearman": 0.5736601729770272
                },
                "imp_1": {
                    "r2": 0.33430089770092897,
                    "neg_mean_squared_error": -0.26126772924218394,
                    "spearman": 0.5851789485778249
                },
                "imp_2": {
                    "r2": 0.32453639353195873,
                    "neg_mean_squared_error": -0.26510001596540766,
                    "spearman": 0.5811234219229169
                }
            }
        }
    },
    "rep_2": {
        "rep_2": {
            "outer_fold_0": {
                "imp_0": {
                    "r2": 0.3190024412443604,
                    "neg_mean_squared_error": -0.2484792854492468,
                    "spearman": 0.5732145745218642
                },
                "imp_1": {
                    "r2": 0.3253368688175907,
                    "neg_mean_squared_error": -0.2461680083868116,
                    "spearman": 0.5803420552197042
                },
                "imp_2": {
                    "r2": 0.3213349354686543,
                    "neg_mean_squared_error": -0.2476282155875191,
                    "spearman": 0.5812104020011208
                }
            },
            "outer_fold_1": {
                "imp_0": {
                    "r2": 0.3399234679790799,
                    "neg_mean_squared_error": -0.2582550041171,
                    "spearman": 0.6039191594553585
                },
                "imp_1": {
                    "r2": 0.345693678315366,
                    "neg_mean_squared_error": -0.255997408790098,
                    "spearman": 0.6098901487761564
                },
                "imp_2": {
                    "r2": 0.32199677670186366,
                    "neg_mean_squared_error": -0.2652688237349996,
                    "spearman": 0.5994929107093798
                }
            },
            "outer_fold_2": {
                "imp_0": {
                    "r2": 0.3385351071132927,
                    "neg_mean_squared_error": -0.24178660303908134,
                    "spearman": 0.5877606659436503
                },
                "imp_1": {
                    "r2": 0.3472268118915457,
                    "neg_mean_squared_error": -0.2386095065740203,
                    "spearman": 0.600067580395817
                },
                "imp_2": {
                    "r2": 0.3370472891936094,
                    "neg_mean_squared_error": -0.2423304481389641,
                    "spearman": 0.5940226227873687
                }
            }
        }
    }
}